id,cliente,comentario,fecha
1,Mateo Zamora,Muy contento. Mañana solución dicen.,2026-02-03
2,Inés Pujol Soto,Excelente servicio. Creo perdido miguel económico común espera.,2026-01-12
3,Eulalia Mayol Tejera,No funciona. Habrá sido lenguaje.,2026-02-06
4,Ámbar del Paz,E tenían partidos material.,2026-01-09
5,Eliana Manzano Torre,Una decepción. Recuerdo quién mundo primer lo falta.,2026-02-20
6,Eulalia Pascual Llorente,Falta general nueva elementos cambios ellas.,2026-02-11
7,Carlota Hervia-Cantón,Muy contento. Mujer sean has estos mil fernando.,2026-02-16
8,Montserrat Marqués Artigas,Durante situación otro mayoría e española.,2026-01-31
9,Ruth de Pazos,Muy contento. Pues tarde como secretario tanto algunos medio derecha.,2026-01-05
10,Román Villar Torre,Toma ninguna productos o a metros recursos.,2026-02-21
11,Blanca Nieto-Pujol,No funciona. Alrededor hijos sino hija quienes cuerpo necesidad.,2026-02-20
12,Jeremías Alcaraz Huerta,Excelente servicio. Suerte plan han operación.,2026-01-08
13,Morena Anaya Lobo,Excelente servicio. Casa esto embargo reunión.,2026-01-12
14,José Ángel Cosme Diéguez Quesada,Nuestra viaje salida solo mujeres época materia.,2026-02-02
15,Albino Tirado Sarmiento,Mal soporte. Tenía pueblo período tarde falta economía vio.,2026-01-09
16,Jacinta Plaza-Perez,Lo recomiendo. Real diferentes será llevar alguna derecha particular próximo.,2026-02-14
17,Nilda Padilla Pérez,No funciona. Corte forma valores blanca pueden.,2026-02-12
18,Bartolomé Landa,Fecha dio junto total bajo.,2026-01-29
19,Nayara Atienza Martínez,Figura parece capital resultado zona siete participación.,2026-01-29
20,Eva Cerro Córdoba,Llegó tarde. Diversas imágenes socialista piel.,2026-02-14
21,Zaida Maestre Fuertes,No funciona. Suerte fuera centros.,2026-01-17
22,José Canet Palacio,Conjunto tanto cada natural puedo felipe dan lugar.,2026-01-13
23,Venceslás Sala Carnero,Lo recomiendo. Quién ocasiones aquellos primer.,2026-01-26
24,Julio Mate Sainz,Muy contento. Todavía padre evitar materia mayo.,2026-02-13
25,Cintia Garzón Montalbán,Una decepción. Varias información donde cuerpo términos.,2026-01-30
26,Sergio Pujadas Frías,Pésimo. Electoral enfermedad trabajar hace sola.,2026-01-05
27,Emiliano Gaspar Ibáñez Perez,Mal soporte. Quien septiembre forma vez.,2026-02-10
28,Dimas Cabrera Gonzalez,Mal soporte. Bastante martín segundo llamado proyectos habían.,2026-01-13
29,Plácido Ríos Otero,Una decepción. Primero pudo imagen común alrededor ésta.,2026-01-25
30,Salvador Villanueva Cuenca,Increíble. Club hombres adelante llama ley aquí imposible.,2026-02-21
31,Araceli Febe Castells Mulet,Hablar problema tal llamado.,2026-02-25
32,Julio Bello Segura,Increíble. Industria pequeña primer.,2026-02-07
33,Apolonia Pujol Gibert,Genial. Siempre servicio llama hombres mañana.,2026-01-01
34,Candela Campillo Roselló,Increíble. Sea consumo palabra estas que origen.,2026-02-20
35,Belén Ribas Amat,Pésimo. Río pequeña cambio casi la decisión.,2026-02-21
36,Abigaíl Mercader Isern,No funciona. De seguridad viejo partir asimismo dan cambios.,2026-01-23
37,Teodosio de Seguí,Pésimo. Nada explicó hace proyectos rosa muestra ciento.,2026-02-07
38,Eloísa Roig Castells,Increíble. Ejemplo primera viejo algún conjunto.,2026-01-14
39,Juan Luis Alberto Barberá,Muy contento. Atrás nuevo felipe español falta última movimiento.,2026-02-21
40,Nerea Pinto Iglesias,Una decepción. Señor septiembre imagen padres i.,2026-01-15
41,Eliseo Régulo Luján Chamorro,Excelente servicio. Política victoria grado decisión minutos dicho salida.,2026-02-14
42,Victoriano Agapito Sala Diez,Muy contento. Realidad tres manos.,2026-01-03
43,Nicolás Echevarría Lumbreras,Muy contento. Principales propios muchas.,2026-01-27
44,Adán Coello Porta,Increíble. Industria otras acto junto primero.,2026-01-07
45,Vicenta Cózar Guitart,Interés congreso escuela relaciones tomar apenas donde.,2026-01-26
46,Luz Merino León,Increíble. Tener historia soy estoy económica.,2026-02-16
47,Leopoldo Milla,No funciona. Orden espera economía hora consecuencia su.,2026-01-29
48,Jaime Durán Agullo,Llegó tarde. Sin siglo hay doctor.,2026-02-25
49,Darío Marqués Goñi,Llegó tarde. Estilo plaza meses instituciones usted.,2026-02-24
50,Marina Ferrández,Excelente servicio. Estar podía españa quería piel muchos cierto.,2026-01-24
